{"meta": {"time": 1700688993.9572585}, "player": {"position": [1563.2411241531372, 1866.0246133804321], "type": "Player", "collidable": true, "health": 98, "level": 10, "xp": 6, "items": {"Wand": 3, "Orbitors": 5, "Shotgun": 3}}, "score": 393, "spawner": {"start_time": 1700688991.2446082, "wave": 1, "multiplier": 1}, "objects": []}