{"meta": {"time": 1700686368.3626893}, "player": {"position": [2201.8574476242065, 2672.1938848495483], "type": "Player", "collidable": true, "health": 5.367041110992432, "level": 28, "xp": 2, "items": {"Wand": 2, "Orbitors": 9, "Shotgun": 9, "Pinger": 9}}, "score": 1635, "spawner": {"start_time": 1700686254.9248893, "wave": 0, "multiplier": 3}, "objects": [{"position": [1187.35313430659, 2718.4049282689753], "type": "Skeleton", "collidable": false, "health": 0}, {"position": [2057.8919548565914, 2715.6995486901037], "type": "Skeleton", "collidable": false, "health": 0}, {"position": [2191.8502980975813, 2563.5987508450517], "type": "Skeleton", "collidable": false, "health": 0}, {"position": [2220.4202909806395, 2439.3564610726153], "type": "Skeleton", "collidable": false, "health": 0}]}