{"meta": {"time": 1700756404.0430844}, "player": {"position": [2000, 2000], "type": "Player", "collidable": true, "health": 200, "level": 0, "xp": 0, "items": {"Wand": 1}}, "score": 0, "spawner": {"start_time": 1700756402.6864474, "wave": 0, "multiplier": 1}, "objects": [{"position": [1437.9374246597176, 2719.4072900756864], "type": "Slime", "collidable": true, "health": 10}, {"position": [1136.7973684689, 1702.7754980995373], "type": "Slime", "collidable": true, "health": 10}, {"position": [1763.7134937499757, 1118.1667535319675], "type": "Slime", "collidable": true, "health": 10}]}