{"meta": {"time": 1700785662.7557538}, "player": {"position": [2000, 2000], "type": "Player", "collidable": true, "health": 200, "level": 0, "xp": 0, "items": {"Wand": 1}}, "score": 0, "spawner": {"start_time": 1700785661.1316645, "wave": 0, "multiplier": 1}, "objects": [{"position": [1800.0640711463504, 1133.9823477678253], "type": "Slime", "collidable": true, "health": 10}, {"position": [2375.622043462301, 1194.4759282991547], "type": "Slime", "collidable": true, "health": 10}, {"position": [1667.0506060628538, 1175.921332213248], "type": "Slime", "collidable": true, "health": 10}]}