{"meta": {"time": 1700772466.2853868}, "player": {"position": [2000, 2000], "type": "Player", "collidable": true, "health": 200, "level": 0, "xp": 0, "items": {"Wand": 1}}, "score": 0, "spawner": {"start_time": 1700772465.4481273, "wave": 0, "multiplier": 1}, "objects": [{"position": [2864.743662988944, 1559.3910964180993], "type": "Slime", "collidable": true, "health": 10}, {"position": [2698.1369013489666, 1325.8170310887083], "type": "Slime", "collidable": true, "health": 10}, {"position": [2941.6957763432024, 2234.791127201509], "type": "Slime", "collidable": true, "health": 10}]}