{"meta": {"time": 1703340637.205191}, "player": {"position": [2447.2678899765015, 2108.4576845169067], "type": "Player", "collidable": true, "health": 190, "level": 4, "xp": 2, "items": {"Wand": 2, "Shotgun": 2, "Shuriken": 1}}, "score": 0, "spawner": {"start_time": 1703340636.486115, "wave": 1, "multiplier": 1}, "objects": []}