{"meta": {"time": 1702218210.1305583}, "player": {"position": [2000, 2000], "type": "Player", "collidable": true, "health": 200, "level": 0, "xp": 0, "items": {"Wand": 1}}, "score": 0, "spawner": {"start_time": 1702218207.8289711, "wave": 0, "multiplier": 1}, "objects": [{"position": [2882.1866035461426, 2000.0], "type": "Slime", "collidable": true, "health": 10}, {"position": [1831.6708604427147, 1134.0216490857385], "type": "Slime", "collidable": true, "health": 10}, {"position": [2578.7664865109155, 2665.794681240464], "type": "Slime", "collidable": true, "health": 10}]}